date,adjclose,return,log_return
2021-03-31,222.64332580566406,0.05083220558444013,0.04958242699342897
2021-04-01,220.5833282470703,-0.009252455923119962,-0.00929552576717066
2021-04-02,220.5833282470703,0.0,0.0
2021-04-05,230.35000610351562,0.04427659122771899,0.043324388497766333
2021-04-06,230.5399932861328,0.0008247761127986308,0.0008244361718844317
2021-04-07,223.6566619873047,-0.029857428208930892,-0.03031223705748461
2021-04-08,227.93333435058594,0.01912159613436426,0.018941076007001657
2021-04-09,225.67333984375,-0.009915155733034697,-0.009964638245883383
2021-04-12,233.9933319091797,0.03686741230129442,0.03620406408291566
2021-04-13,254.10667419433594,0.0859569036478478,0.0824615371588125
2021-04-14,244.07666015625,-0.03947166704647498,-0.04027179907894094
2021-04-15,246.28334045410156,0.009040931223980753,0.009000306677510112
2021-04-16,246.5933380126953,0.0012587029151958085,0.001257911412789418
2021-04-19,238.2100067138672,-0.03399658468630862,-0.034587909254449344
2021-04-20,239.663330078125,0.006101017267521991,0.006082481415169929
2021-04-21,248.0399932861328,0.034951793439894185,0.03435484924604316
2021-04-22,239.89666748046875,-0.03283069676699324,-0.03338171795091616
2021-04-23,243.13333129882812,0.013491908213451476,0.01340170287553078
2021-04-26,246.06666564941406,0.012064715006025573,0.011992516455123612
2021-04-27,234.913330078125,-0.04532647907368281,-0.046385859854230695
2021-04-28,231.46665954589844,-0.014672094304228334,-0.014780794025162398
2021-04-29,225.6666717529297,-0.02505755171974844,-0.02537683713134589
2021-04-30,236.47999572753906,0.04791723957558203,0.04680461290993818
2021-05-03,228.3000030517578,-0.034590632711300695,-0.035203052789871174
2021-05-04,224.53334045410156,-0.01649874089928205,-0.016636360929421883
2021-05-05,223.64666748046875,-0.003948959080373515,-0.003956776807325818
2021-05-06,221.17999267578125,-0.011029338520784915,-0.011090612633393284
2021-05-07,224.1233367919922,0.013307460953421169,0.013219694470214068
2021-05-10,209.67999267578125,-0.06444373139784076,-0.0666139869184463
2021-05-11,205.73333740234375,-0.018822278764288325,-0.019001672485714396
2021-05-12,196.6300048828125,-0.044248212926854213,-0.04525703659502106
2021-05-13,190.56333923339844,-0.030853203980896415,-0.03133918628539079
2021-05-14,196.5800018310547,0.03157303299711356,0.031084853734470938
2021-05-17,192.27667236328125,-0.02189098294684022,-0.02213414578006038
2021-05-18,192.6233367919922,0.0018029458511532592,0.0018013224952045325
2021-05-19,187.82000732421875,-0.02493638386588848,-0.025252562795766022
2021-05-20,195.5933380126953,0.04138712802336375,0.040553601408475165
2021-05-21,193.6266632080078,-0.010054917128925145,-0.010105809239520404
2021-05-24,202.14666748046875,0.0440022264046771,0.04306162202970284
2021-05-25,201.56333923339844,-0.002885668382965889,-0.002889839951081735
2021-05-26,206.3766632080078,0.023879957500782645,0.023599290742317446
2021-05-27,210.28334045410156,0.018929840154243482,0.018752900206065234
2021-05-28,208.4066619873047,-0.008924522802159385,-0.008964584890580543
2021-05-31,208.4066619873047,0.0,0.0
2021-06-01,207.96665954589844,-0.002111268599623961,-0.002113500469111133
2021-06-02,201.7066650390625,-0.030100952337768105,-0.030563287475861584
2021-06-03,190.94667053222656,-0.05334476431283097,-0.05482031154624074
2021-06-04,199.68333435058594,0.045754470575515294,0.04473860632554917
2021-06-07,201.7100067138672,0.010149431698305955,0.010098272085864791
2021-06-08,201.19667053222656,-0.002544921741878703,-0.0025481655598922595
2021-06-09,199.5933380126953,-0.007968981371759054,-0.008000903407653626
2021-06-10,203.3733367919922,0.018938501740255687,0.018761400839628444
2021-06-11,203.29666137695312,-0.0003770180312155924,-0.00037708912038201647
2021-06-14,205.89666748046875,0.012789221849023313,0.012708130416930218
2021-06-15,199.7866668701172,-0.029675082579620482,-0.03012429716067012
2021-06-16,201.6233367919922,0.009193155632698069,0.009151155788618984
2021-06-17,205.53334045410156,0.019392614586788648,0.0192069740346885
2021-06-18,207.77000427246094,0.010882243306208794,0.010823457790850165
2021-06-21,206.94332885742188,-0.003978800587379316,-0.003986737073227676
2021-06-22,207.90333557128906,0.004638983624974058,0.004628256702323586
2021-06-23,218.85667419433594,0.05268476618207507,0.051343820984031875
2021-06-24,226.60667419433594,0.035411302984154513,0.03479874196476401
2021-06-25,223.9566650390625,-0.011694312026312215,-0.011763228305736152
2021-06-28,229.57333374023438,0.025079265670401973,0.02476994196174637
2021-06-29,226.9199981689453,-0.011557681931348984,-0.011624991064809973
2021-06-30,226.56666564941406,-0.0015570796861552605,-0.0015582931945795787
2021-07-01,225.97332763671875,-0.0026188230779431443,-0.00262225819371756
2021-07-02,226.3000030517578,0.0014456370513082906,0.001444593124038416
2021-07-05,226.3000030517578,0.0,0.0
2021-07-06,219.86000061035156,-0.028457809785947474,-0.028870583198134143
2021-07-07,214.88333129882812,-0.02263562857139878,-0.02289574720602526
2021-07-08,217.60333251953125,0.012658037290573132,0.01257859403128338
2021-07-09,218.98333740234375,0.006341837079579804,0.006321812249024031
2021-07-12,228.56666564941406,0.0437628194032984,0.042832279170544656
2021-07-13,222.84666442871094,-0.0250255268170938,-0.02534398967789286
2021-07-14,217.7933349609375,-0.022676262535623493,-0.02293732311171139
2021-07-15,216.86666870117188,-0.004254796226577984,-0.004263873629526309
2021-07-16,214.74000549316406,-0.009806316575730722,-0.009854715165981626
2021-07-19,215.4066619873047,0.003104482057777691,0.003099673103658058
2021-07-20,220.1666717529297,0.02209778342837665,0.021857165705963834
2021-07-21,218.42999267578125,-0.007888019850240235,-0.007919294852611359
2021-07-22,216.4199981689453,-0.009202007847976312,-0.00924460786068585
2021-07-23,214.4600067138672,-0.009056424875986235,-0.009097683584931696
2021-07-26,219.2066650390625,0.022133069927244398,0.02189168871378688
2021-07-27,214.92666625976562,-0.01952494819687245,-0.019718078031379437
2021-07-28,215.66000366210938,0.0034120354402995545,0.0034062276545409947
2021-07-29,225.78334045410156,0.04694118807422987,0.04587275846182932
2021-07-30,229.06666564941406,0.014541928508582602,0.014437208664382839
2021-08-02,236.55667114257812,0.032697928666004517,0.03217472594711166
2021-08-03,236.5800018310547,9.862621233169833e-05,9.862134908657855e-05
2021-08-04,236.97332763671875,0.001662548831768751,0.001661168327351945
2021-08-05,238.2100067138672,0.005218642492307302,0.005205072568156722
2021-08-06,233.03334045410156,-0.021731523084098314,-0.021971130346089583
2021-08-09,237.9199981689453,0.020969779282747014,0.02075293960905606
2021-08-10,236.663330078125,-0.005281893495678203,-0.005295892009324611
2021-08-11,235.94000244140625,-0.0030563570472872392,-0.003061037245157465
2021-08-12,240.75,0.020386528392057013,0.020181504916966016
2021-08-13,239.05667114257812,-0.007033557040173943,-0.0070584091033222005
2021-08-16,228.72332763671875,-0.0432254973537064,-0.04418754471286682
2021-08-17,221.90333557128906,-0.02981764971635026,-0.03027123516946714
2021-08-18,229.663330078125,0.03497015710402862,0.03437259258571844
2021-08-19,224.49000549316406,-0.02252568828990298,-0.022783267048393844
2021-08-20,226.75332641601562,0.010082056516856674,0.010031571629142592
2021-08-23,235.43333435058594,0.03827951753459802,0.03756503320848795
2021-08-24,236.163330078125,0.0031006472789958384,0.0030958501857263057
2021-08-25,237.06666564941406,0.0038250458739306215,0.0038177489873267093
2021-08-26,233.72000122070312,-0.01411697599720807,-0.014217568331421088
2021-08-27,237.30667114257812,0.015346011908018431,0.015229452832627683
2021-08-30,243.6366729736328,0.02667435264494311,0.026324794631827943
2021-08-31,245.24000549316406,0.00658083407543808,0.0065592749200010505
2021-09-01,244.69667053222656,-0.0022155233598404322,-0.002217981262751364
2021-09-02,244.1300048828125,-0.002315788147756681,-0.00231847373209337
2021-09-03,244.52333068847656,0.0016111325842673718,0.0016098361025145228
2021-09-06,244.52333068847656,0.0,0.0
2021-09-07,250.97332763671875,0.02637783858939624,0.026035942688487673
2021-09-08,251.2899932861328,0.0012617502122473923,0.0012609548743898497
2021-09-09,251.6199951171875,0.001313231087076927,0.001312369553312357
2021-09-10,245.42333984375,-0.024627038366134335,-0.024935356375548032
2021-09-13,247.6666717529297,0.00914066245943812,0.009099139444443169
2021-09-14,248.163330078125,0.0020053498586631857,0.002003341828722264
2021-09-15,251.94332885742188,0.015231899000174076,0.015117058319369688
2021-09-16,252.3300018310547,0.0015347617076681974,0.0015335851645735571
2021-09-17,253.163330078125,0.0033025333532406,0.0032970919669145526
2021-09-20,243.38999938964844,-0.03860484330594227,-0.03936976129858423
2021-09-21,246.4600067138672,0.012613531089680885,0.012534643183807646
2021-09-22,250.64666748046875,0.0169871810945057,0.01684451236014587
2021-09-23,251.2133331298828,0.00226081461648886,0.002258262820491851
2021-09-24,258.1300048828125,0.027533059916662994,0.027160841972020323
2021-09-27,263.78668212890625,0.02191406322043732,0.021677401377557137
2021-09-28,259.1866760253906,-0.01743835612317879,-0.017592195347548873
2021-09-29,260.4366760253906,0.004822778775393388,0.0048111864344248965
2021-09-30,258.49334716796875,-0.0074618094773734045,-0.0074897880450971975
2021-10-01,258.40667724609375,-0.0003352887910832436,-0.00033534501293734615
2021-10-04,260.510009765625,0.008139621398127295,0.008106673348889567
2021-10-05,260.1966552734375,-0.001202850103416031,-0.0012035741082394261
2021-10-06,260.9166564941406,0.0027671424905384434,0.002763320999873195
2021-10-07,264.53668212890625,0.013874260399496352,0.01377889392912291
2021-10-08,261.8299865722656,-0.010231834522373306,-0.010284539562274665
2021-10-11,263.9800109863281,0.008211528565575943,0.008177997401230774
2021-10-12,268.5733337402344,0.01740026730336086,0.01725061613832015
2021-10-13,270.3599853515625,0.006652379022320076,0.006630349593761303
2021-10-14,272.7733459472656,0.008926471099504285,0.008886865672994949
2021-10-15,281.010009765625,0.030195999501915205,0.02974907491710917
2021-10-18,290.03668212890625,0.03212224493643445,0.03161711443997285
2021-10-19,288.0899963378906,-0.006711860640270406,-0.006734486474692475
2021-10-20,288.6000061035156,0.0017703140411262641,0.0017687488821671587
2021-10-21,298.0,0.03257101073349511,0.03205181901693134
2021-10-22,303.2266540527344,0.01753910755951127,0.017387072543931938
2021-10-25,341.6199951171875,0.12661598362581983,0.11921843486746743
2021-10-26,339.4766540527344,-0.006274050392506725,-0.0062938149592970775
2021-10-27,345.9533386230469,0.019078438805710585,0.018898727534898532
2021-10-28,359.0133361816406,0.03775074872979922,0.03705562944417333
2021-10-29,371.3333435058594,0.03431629436179362,0.03374062327713504
2021-11-01,402.86334228515625,0.0849102277797451,0.08149724419582528
2021-11-02,390.6666564941406,-0.03027499529203259,-0.03074274797958024
2021-11-03,404.6199951171875,0.03571673801973452,0.03509368755165895
2021-11-04,409.9700012207031,0.013222297879683653,0.01313564628546233
2021-11-05,407.36334228515625,-0.006358169933862068,-0.006378469186125081
2021-11-08,387.64666748046875,-0.04840070953386311,-0.04961124617557869
2021-11-09,341.1666564941406,-0.11990303254359846,-0.12772318728902374
2021-11-10,355.98333740234375,0.043429451929624774,0.04251283809069096
2021-11-11,354.5033264160156,-0.004157528824601631,-0.0041661953768667185
2021-11-12,344.47332763671875,-0.02829310201599211,-0.028701065279561472
2021-11-15,337.7966613769531,-0.01938224449936754,-0.01957254315692035
2021-11-16,351.57666015625,0.04079376842602822,0.03998366090579434
2021-11-17,363.0033264160156,0.032501208284666294,0.031984216103858806
2021-11-18,365.4599914550781,0.006767610267700563,0.006744812791821567
2021-11-19,379.0199890136719,0.03710391800920432,0.03643213445735007
2021-11-22,385.6233215332031,0.017422122080461122,0.017272096909531555
2021-11-23,369.6766662597656,-0.041352932727292124,-0.04223229344871564
2021-11-24,372.0,0.006284772484400847,0.006265105659810634
2021-11-25,372.0,0.0,0.0
2021-11-26,360.6400146484375,-0.030537595031082,-0.031013582803841335
2021-11-29,378.9966735839844,0.050900227900227524,0.04964715675134432
2021-11-30,381.586669921875,0.006833823403773698,0.006810578672784683
2021-12-01,365.0,-0.04346763456194869,-0.044440653310942796
2021-12-02,361.5333251953125,-0.00949773919092467,-0.009543130353379798
2021-12-03,338.3233337402344,-0.06419876077133224,-0.0663521763056877
2021-12-06,336.336669921875,-0.005872086315763081,-0.005889394805839068
2021-12-07,350.5833435058594,0.04235837141187604,0.04148581070093519
2021-12-08,356.32000732421875,0.016363195584229162,0.016230761245708623
2021-12-09,334.6000061035156,-0.06095644581905246,-0.06289341727027524
2021-12-10,339.010009765625,0.013179927022311633,0.013093827482800639
2021-12-13,322.13665771484375,-0.04977243020772948,-0.051053775924629424
2021-12-14,319.5033264160156,-0.008174578197676419,-0.008208173270999982
2021-12-15,325.3299865722656,0.018236618133556703,0.018072325435531507
2021-12-16,308.97332763671875,-0.050277132790258694,-0.051585055672323236
2021-12-17,310.8566589355469,0.006095449446181567,0.006076947341899706
2021-12-20,299.9800109863281,-0.03498927121736173,-0.03561605979548491
2021-12-21,312.84332275390625,0.04288056302579579,0.04198665654283043
2021-12-22,336.2900085449219,0.07494705523716627,0.07227140942458773
2021-12-23,355.6666564941406,0.05761886305530961,0.05602002567418564
2021-12-24,355.6666564941406,0.0,0.0
2021-12-27,364.64666748046875,0.025248391499066658,0.02493491640225287
2021-12-28,362.8233337402344,-0.005000275342793459,-0.0050128185500081576
2021-12-29,362.0633239746094,-0.0020947102761840197,-0.002096907250306926
2021-12-30,356.7799987792969,-0.014592268383646134,-0.014699782732613053
2021-12-31,352.260009765625,-0.012668840823859995,-0.012749774874751605
2022-01-03,399.9266662597656,0.1353166841897706,0.1269116289226746
2022-01-04,383.1966552734375,-0.041832696836128,-0.04273287830059682
2022-01-05,362.7066650390625,-0.05347121367683638,-0.054953895352910696
2022-01-06,354.8999938964844,-0.02152337383085412,-0.021758379841487693
2022-01-07,342.32000732421875,-0.035446567451716815,-0.03609004895021842
2022-01-10,352.7066650390625,0.03034195341380186,0.029890740749494566
2022-01-11,354.79998779296875,0.005935024657598653,0.005917481776156395
2022-01-12,368.739990234375,0.039289748931841784,0.03853754612843837
2022-01-13,343.85333251953125,-0.06749107331435766,-0.06987655465675016
2022-01-14,349.8699951171875,0.017497758575059086,0.017346435457551865
2022-01-17,349.8699951171875,0.0,0.0
2022-01-18,343.5033264160156,-0.01819724123253097,-0.018364847454341894
2022-01-19,331.8833312988281,-0.0338278969185718,-0.03441330009854252
2022-01-20,332.0899963378906,0.0006227038828787723,0.000622510083264904
2022-01-21,314.6333312988281,-0.05256606712507206,-0.0539980722931419
2022-01-24,310.0,-0.014726129872195681,-0.014835635717323473
2022-01-25,306.1333312988281,-0.012473124842489969,-0.012551567227813773
2022-01-26,312.4700012207031,0.02069905258271132,0.02048773822340817
2022-01-27,276.3666687011719,-0.11554175561970448,-0.12277997465910719
2022-01-28,282.1166687011719,0.020805692766870276,0.02059221036289143
2022-01-31,312.239990234375,0.10677611383930952,0.10145138741776683
2022-02-01,310.4166564941406,-0.0058395266373975074,-0.005856643341232021
2022-02-02,301.88665771484375,-0.02747919159891432,-0.02786380690498853
2022-02-03,297.0466613769531,-0.016032495024879134,-0.016162405874435497
2022-02-04,307.7733459472656,0.03611110968421327,0.035474386816493036
2022-02-07,302.4466552734375,-0.01730718642133755,-0.017458706575610557
2022-02-08,307.3333435058594,0.0161571905234128,0.016028052271245364
2022-02-09,310.6666564941406,0.010845920427172029,0.010787525285489406
2022-02-10,301.51666259765625,-0.029452771017468238,-0.0298952129692807
2022-02-11,286.6666564941406,-0.04925102969626416,-0.050505215210130634
2022-02-14,291.9200134277344,0.01832566437213501,0.018159773032297852
2022-02-15,307.4766540527344,0.053290764282768466,0.05191932445845771
2022-02-16,307.7966613769531,0.0010407532409399955,0.0010402120327626255
2022-02-17,292.1166687011719,-0.05094269900666093,-0.05228610180162916
2022-02-18,285.6600036621094,-0.022103035296720752,-0.022350967561475237
2022-02-21,285.6600036621094,0.0,0.0
2022-02-22,273.84332275390625,-0.04136624223452856,-0.04224617718140919
2022-02-23,254.67999267578125,-0.06997917599526948,-0.07254830168258311
2022-02-24,266.92333984375,0.04807345500262783,0.04695367409397792
2022-02-25,269.9566650390625,0.011364031324829549,0.011299945777284081
2022-02-28,290.1433410644531,0.07477746853358713,0.07211363413565586
2022-03-01,288.1233215332031,-0.006962143345558558,-0.006986492144572377
2022-03-02,293.2966613769531,0.01795529711451649,0.01779600470296842
2022-03-03,279.7633361816406,-0.04614210448825773,-0.04724057511561311
2022-03-04,279.42999267578125,-0.0011915196265851469,-0.0011922300504741562
2022-03-07,268.1933288574219,-0.04021280504200253,-0.04104369101185902
2022-03-08,274.79998779296875,0.02463394210323222,0.024335419149005895
2022-03-09,286.3233337402344,0.04193357517885765,0.04107819387010212
2022-03-10,279.4333190917969,-0.024063755330148706,-0.024358017786858904
2022-03-11,265.1166687011719,-0.0512345859010529,-0.05259370365966602
2022-03-14,255.4566650390625,-0.036436802368687404,-0.03711720154932235
2022-03-15,267.2966613769531,0.046348355546253384,0.04530634609366675
2022-03-16,280.07666015625,0.047812040425278646,0.046704219074345354
2022-03-17,290.5333251953125,0.037335010469022656,0.03665493442277862
2022-03-18,301.7966613769531,0.03876779427650434,0.03803519751155836
2022-03-21,307.0533447265625,0.017417963888751054,0.017268009913468576
2022-03-22,331.32666015625,0.07905243778179138,0.0760832835953988
2022-03-23,333.03668212890625,0.005161136057840299,0.005147863044765912
2022-03-24,337.97332763671875,0.014823128420135223,0.014714339594958641
2022-03-25,336.8800048828125,-0.003234937980317265,-0.003240181703986614
2022-03-28,363.9466552734375,0.0803450783611821,0.07728050710253655
2022-03-29,366.5233459472656,0.007079858095940583,0.007054913567225325
2022-03-30,364.663330078125,-0.00507475414515135,-0.005087674440050588
2022-03-31,359.20001220703125,-0.014981813142339484,-0.01509517416561853
2022-04-01,361.5299987792969,0.006486599368272561,0.006465651918934319
2022-04-04,381.8166809082031,0.05611341298759176,0.05459557817973847
2022-04-05,363.7533264160156,-0.047308971544201106,-0.048464637280470575
2022-04-06,348.586669921875,-0.041694894294368345,-0.042589069768463106
2022-04-07,352.4200134277344,0.010996816105212748,0.01093679078037125
2022-04-08,341.8299865722656,-0.03004944796541842,-0.030510186068030958
2022-04-11,325.30999755859375,-0.048328086073804455,-0.049534931817513166
2022-04-12,328.98333740234375,0.011291813566499442,0.01122853693277581
2022-04-13,340.7900085449219,0.03588835603591267,0.03525937358618668
2022-04-14,328.3333435058594,-0.03655231880843268,-0.03723709338922126
2022-04-15,328.3333435058594,0.0,0.0
2022-04-18,334.7633361816406,0.019583733431163042,0.01939443951963136
2022-04-19,342.7166748046875,0.023758093445249484,0.023480261839117743
2022-04-20,325.73333740234375,-0.04955503671370076,-0.05082502163771964
2022-04-21,336.260009765625,0.03231684066245499,0.03180563608534794
2022-04-22,335.01666259765625,-0.003697576672395231,-0.003704429607069112
2022-04-25,332.67333984375,-0.006994645387893739,-0.007019222592886596
2022-04-26,292.1400146484375,-0.12184121881948873,-0.1299278575282087
2022-04-27,293.836669921875,0.005807678470473254,0.005790878918745771
2022-04-28,292.5033264160156,-0.004537702888526063,-0.004548029513557434
2022-04-29,290.2533264160156,-0.007692220213591394,-0.007721957937068309
2022-05-02,300.9800109863281,0.03695628471433299,0.03628977282780161
2022-05-03,303.0833435058594,0.006988279761963367,0.006963974902024329
2022-05-04,317.5400085449219,0.04769864576468552,0.04659599279666411
2022-05-05,291.09332275390625,-0.08328615317548016,-0.08695990905101429
2022-05-06,288.54998779296875,-0.008737180698190294,-0.00877557365586079
2022-05-09,262.3699951171875,-0.09072948807249681,-0.0951126361970946
2022-05-10,266.67999267578125,0.016427173986372612,0.016293707630266798
2022-05-11,244.6666717529297,-0.08254582843646041,-0.08615264955046516
2022-05-12,242.6666717529297,-0.008174386751047313,-0.008207980246495447
2022-05-13,256.5299987792969,0.05712909369145702,0.05555683158900242
2022-05-16,241.4566650390625,-0.05875856161837267,-0.06055559591829793
2022-05-17,253.8699951171875,0.05141017778952928,0.050132289582274676
2022-05-18,236.60333251953125,-0.06801379812405906,-0.07043726926027942
2022-05-19,236.47332763671875,-0.0005494634476534976,-0.0005496144580126333
2022-05-20,221.3000030517578,-0.06416505716141863,-0.06631616117599509
2022-05-23,224.96665954589844,0.01656871415985961,0.016432950581559483
2022-05-24,209.3866729736328,-0.06925464690507588,-0.07176955888757142
2022-05-25,219.60000610351562,0.04877737911795821,0.04762508488803113
2022-05-26,235.91000366210938,0.07427138936829314,0.07164265445291097
2022-05-27,253.2100067138672,0.07333306253742577,0.0707688185938516
2022-05-30,253.2100067138672,0.0,0.0
2022-05-31,252.75332641601562,-0.001803563389055185,-0.0018051917677216725
2022-06-01,246.7899932861328,-0.02359349020027357,-0.023876273341224673
2022-06-02,258.3333435058594,0.04677398003874078,0.04571303469577831
2022-06-03,234.51666259765625,-0.09219359988526965,-0.09672413884722543
2022-06-06,238.27999877929688,0.0160472016783606,0.01591980642197778
2022-06-07,238.8866729736328,0.0025460558898939833,0.002542820180630796
2022-06-08,241.86666870117188,0.012474516432601446,0.012397350726358317
2022-06-09,239.7066650390625,-0.008930555308462429,-0.008970671737446728
2022-06-10,232.22999572753906,-0.031190911234383223,-0.0316877053198606
2022-06-13,215.73666381835938,-0.07102153990705962,-0.07366972655880115
2022-06-14,220.88999938964844,0.023887157055640484,0.023606322357198544
2022-06-15,233.0,0.05482367080362738,0.0533736162801124
2022-06-16,213.10000610351562,-0.08540769912654234,-0.08927688581957327
2022-06-17,216.75999450683594,0.017174980283869212,0.017029157609637507
2022-06-20,216.75999450683594,0.0,0.0
2022-06-21,237.0366668701172,0.0935443480214786,0.08942411634475682
2022-06-22,236.086669921875,-0.004007805884153504,-0.004015858661335937
2022-06-23,235.07000732421875,-0.004306310889948484,-0.0043156097521520964
2022-06-24,245.7066650390625,0.04524889345059324,0.04425503260828766
2022-06-27,244.9199981689453,-0.0032016505127857586,-0.003206786761701394
2022-06-28,232.663330078125,-0.0500435578248114,-0.05133914578061633
2022-06-29,228.49000549316406,-0.01793718238090891,-0.018100003611393488
2022-06-30,224.47332763671875,-0.017579227799377373,-0.0177355774717728
2022-07-01,227.26333618164062,0.012429131666979787,0.012352524133575146
2022-07-04,227.26333618164062,0.0,0.0
2022-07-05,233.06666564941406,0.025535704813974602,0.025215114905161356
2022-07-06,231.73333740234375,-0.005720802000385383,-0.00573722846648063
2022-07-07,244.5433349609375,0.055279044880592876,0.05380522947187794
2022-07-08,250.76333618164062,0.02543516968760029,0.02511707828484195
2022-07-11,234.3433380126953,-0.06548005948146851,-0.06772231414560198
2022-07-12,233.07000732421875,-0.005433611636988744,-0.005448427397798375
2022-07-13,237.0399932861328,0.017033448479672808,0.016890005886123306
2022-07-14,238.31333923339844,0.005371861218914864,0.005357484236889209
2022-07-15,240.06666564941406,0.0073572315408600986,0.007330299130864308
2022-07-18,240.54666137695312,0.001999426810217919,0.001997430616818738
2022-07-19,245.52999877929688,0.020716718219316865,0.020505045463666282
2022-07-20,247.5,0.008023464466653252,0.007991447618970264
2022-07-21,271.7066650390625,0.09780470722853529,0.09331246499887616
2022-07-22,272.24334716796875,0.0019752262198982073,0.0019732780255828208
2022-07-25,268.4333190917969,-0.013994935471540293,-0.014093787954092982
2022-07-26,258.8599853515625,-0.0356637312112531,-0.0363152186530825
2022-07-27,274.82000732421875,0.061655036992220635,0.05982904612856656
2022-07-28,280.8999938964844,0.02212352234272652,0.021882347827174065
2022-07-29,297.1499938964844,0.05784976985791013,0.056238328890716484
2022-08-01,297.27667236328125,0.00042631152414229767,0.0004262206792024022
2022-08-02,300.586669921875,0.011134400598203698,0.011072869479979633
2022-08-03,307.39666748046875,0.02265568716125621,0.022402858626649376
2022-08-04,308.6333312988281,0.004023022853486102,0.004014952135593356
2022-08-05,288.1700134277344,-0.0663030068235908,-0.0686033118290163
2022-08-08,290.42333984375,0.007819434052879659,0.007789020718917544
2022-08-09,283.3333435058594,-0.024412625864385085,-0.0247155543645267
2022-08-10,294.3566589355469,0.03890581776676605,0.03816806100817755
2022-08-11,286.6300048828125,-0.026249292544206493,-0.026599955270312264
2022-08-12,300.0299987792969,0.046750143628413676,0.045690263130780645
2022-08-15,309.32000732421875,0.03096359891583922,0.030493897831355556
2022-08-16,306.5633239746094,-0.008912075793144236,-0.008952025876518947
2022-08-17,303.9966735839844,-0.008372333511224461,-0.008407578354357605
2022-08-18,302.8699951171875,-0.0037062197211366055,-0.0037131047703819653
2022-08-19,296.6666564941406,-0.020481852686155544,-0.02069451464936621
2022-08-22,289.913330078125,-0.022764022407583906,-0.023027123255798403
2022-08-23,296.4533386230469,0.0225584954757323,0.02230781558771273
2022-08-24,297.0966796875,0.002170125887066332,0.0021677745650455194
2022-08-25,296.07000732421875,-0.003455684406709514,-0.0034616690754643124
2022-08-26,288.0899963378906,-0.026953121859416895,-0.02732301898385137
2022-08-29,284.82000732421875,-0.01135058160727187,-0.011415491099770154
2022-08-30,277.70001220703125,-0.0249982267189629,-0.02531598923616216
2022-08-31,275.6099853515625,-0.007526203685978228,-0.007554668468041173
2022-09-01,277.1600036621094,0.005623955563764049,0.005608200169827373
2022-09-02,270.2099914550781,-0.02507581222110289,-0.025395567131662106
2022-09-05,270.2099914550781,0.0,0.0
2022-09-06,274.4200134277344,0.015580556255471167,0.015460425583855752
2022-09-07,283.70001220703125,0.03381677109982606,0.03325755641840769
2022-09-08,289.260009765625,0.01959815762903916,0.019408586563541073
2022-09-09,299.67999267578125,0.03602289482946186,0.035389242849343666
2022-09-12,304.4200134277344,0.01581694096302666,0.015693156705112052
2022-09-13,292.1300048828125,-0.04037188096320543,-0.041209445573060305
2022-09-14,302.6099853515625,0.03587437200418364,0.035245873940170286
2022-09-15,303.75,0.003767273730617582,0.0037601953268899466
2022-09-16,303.3500061035156,-0.0013168523341049454,-0.0013177201460770078
2022-09-19,309.07000732421875,0.018856110452001085,0.018680537647816527
2022-09-20,308.7300109863281,-0.0011000625419275156,-0.001100668054834369
2022-09-21,300.79998779296875,-0.025685948599634356,-0.026021592607865372
2022-09-22,288.5899963378906,-0.040591728559117746,-0.041438568478665415
2022-09-23,275.3299865722656,-0.04594757245188685,-0.04703665354268194
2022-09-26,276.010009765625,0.0024698479153155706,0.0024668028538151034
2022-09-27,282.94000244140625,0.02510775852537339,0.024797737333229056
2022-09-28,287.80999755859375,0.017212112374233923,0.017065662059063912
2022-09-29,268.2099914550781,-0.06810050474193607,-0.07053030781738932
2022-09-30,265.25,-0.011036096899372572,-0.011097446407076914
2022-10-03,242.39999389648438,-0.08614516909902215,-0.09008354847845335
2022-10-04,249.44000244140625,0.029042940273044104,0.02862918608137619
2022-10-05,240.80999755859375,-0.034597517632881325,-0.035210184423729626
2022-10-06,238.1300048828125,-0.011129075632041241,-0.011191467132615623
2022-10-07,223.07000732421875,-0.06324275500689214,-0.06533110715825653
2022-10-10,222.9600067138672,-0.0004931214719139376,-0.0004932430962923407
2022-10-11,216.5,-0.02897383620084637,-0.02940186584357689
2022-10-12,217.24000549316406,0.003418039229395209,0.003412211010253521
2022-10-13,221.72000122070312,0.020622332969329804,0.02041257160441261
2022-10-14,204.99000549316406,-0.07545550981161053,-0.07845410579918498
2022-10-17,219.35000610351562,0.07005219876844393,0.06770743117966126
2022-10-18,220.19000244140625,0.003829479437051919,0.003822165646732409
2022-10-19,222.0399932861328,0.008401793106927569,0.008366694500343838
2022-10-20,207.27999877929688,-0.0664744863679374,-0.06878698522005931
2022-10-21,214.44000244140625,0.03454266549727758,0.03395945997966481
2022-10-24,211.25,-0.014875967194030837,-0.014987724107085643
2022-10-25,222.4199981689453,0.05287573097725584,0.051525211920993325
2022-10-26,224.63999938964844,0.009981122376490958,0.009931639962148882
2022-10-27,225.08999633789062,0.00200319154854367,0.0020011878357876823
2022-10-28,228.52000427246094,0.015238384603380561,0.015123446596271723
2022-10-31,227.5399932861328,-0.004288512900427199,-0.004297734947231046
2022-11-01,227.82000732421875,0.0012306146011606955,0.0012298580156588981
2022-11-02,214.97999572753906,-0.05636033352596026,-0.05801089494975556
2022-11-03,215.30999755859375,0.0015350350619269815,0.0015338580999043428
2022-11-04,207.47000122070312,-0.03641259777431871,-0.03709208198225607
2022-11-07,197.0800018310547,-0.05007952633400592,-0.05137700982212229
2022-11-08,191.3000030517578,-0.02932818513088775,-0.029766854567743133
2022-11-09,177.58999633789062,-0.07166757185130745,-0.07436539035358274
2022-11-10,190.72000122070312,0.07393437216942544,0.07132888823212645
2022-11-11,195.97000122070312,0.027527264924482875,0.027155202242509627
2022-11-14,190.9499969482422,-0.02561618738169713,-0.02594999483044167
2022-11-15,194.4199981689453,0.018172303095892017,0.018009160285334423
2022-11-16,186.9199981689453,-0.03857627852399581,-0.03934004993858786
2022-11-17,183.1699981689453,-0.020062058831236462,-0.020266034660649707
2022-11-18,180.19000244140625,-0.016269016527425406,-0.016402810087859467
2022-11-21,167.8699951171875,-0.06837231343190053,-0.07082202204033466
2022-11-22,169.91000366210938,0.012152311933396831,0.012079065403443036
2022-11-23,183.1999969482422,0.07821783885404354,0.07530952893106566
2022-11-24,183.1999969482422,0.0,0.0
2022-11-25,182.86000061035156,-0.0018558752377418886,-0.0018575995078746789
2022-11-28,182.9199981689453,0.0003281065208000644,0.00032805270562665304
2022-11-29,180.8300018310547,-0.011425739989130657,-0.011491515256992131
2022-11-30,194.6999969482422,0.07670184691003823,0.07390252318127676
2022-12-01,194.6999969482422,0.0,0.0
2022-12-02,194.86000061035156,0.0008217959148295595,0.0008214584254523483
2022-12-05,182.4499969482422,-0.06368676805520912,-0.06580520897353867
2022-12-06,179.82000732421875,-0.01441485156488942,-0.01451975486845227
2022-12-07,174.0399932861328,-0.032143331123685615,-0.03267127201155782
2022-12-08,173.44000244140625,-0.003447430865732959,-0.003453386948248274
2022-12-09,179.0500030517578,0.0323454827685834,0.03183338116095202
2022-12-12,167.82000732421875,-0.0627198857086465,-0.06477309340338366
2022-12-13,160.9499969482422,-0.04093677795344208,-0.04179828130131225
2022-12-14,156.8000030517578,-0.025784367661833008,-0.02612261140486262
2022-12-15,157.6699981689453,0.005548438139381551,0.005533102257132837
2022-12-16,150.22999572753906,-0.047187179094365206,-0.04833680500131505
2022-12-19,149.8699951171875,-0.00239632976495896,-0.0023992055582815475
2022-12-20,137.8000030517578,-0.08053641461716088,-0.08396483835074355
2022-12-21,137.57000732421875,-0.0016690545895901021,-0.0016704490129968075
2022-12-22,125.3499984741211,-0.08882756559936855,-0.09302311928148893
2022-12-23,123.1500015258789,-0.017550833466474902,-0.017706675474399133
2022-12-26,123.1500015258789,0.0,0.0
2022-12-27,109.0999984741211,-0.1140885333144338,-0.12113825810398889
2022-12-28,112.70999908447266,0.03308891531476843,0.032553261278161744
2022-12-29,121.81999969482422,0.0808269069678893,0.07772640277207259
2022-12-30,123.18000030517578,0.011164017515666869,0.011102159833173808
2023-01-02,123.18000030517578,0.0,0.0
2023-01-03,108.0999984741211,-0.12242248574195735,-0.13058999220665155
2023-01-04,113.63999938964844,0.05124885285593783,0.04997884108534127
2023-01-05,110.33999633789062,-0.029039097760312105,-0.02946907696009933
2023-01-06,113.05999755859375,0.024651090365942707,0.02435215499827936
2023-01-09,119.7699966430664,0.059349011404278285,0.057654579278002493
2023-01-10,118.8499984741211,-0.007681374256751861,-0.007711027963739906
2023-01-11,123.22000122070312,0.036769060182475055,0.036109204525613114
2023-01-12,123.55999755859375,0.0027592625752506095,0.00275546279838757
2023-01-13,122.4000015258789,-0.009388119582672827,-0.009432465746951967
2023-01-16,122.4000015258789,0.0,0.0
2023-01-17,131.49000549316406,0.07426473736900463,0.07163646233055776
2023-01-18,128.77999877929688,-0.020609982513142944,-0.020825332244057446
2023-01-19,127.16999816894531,-0.012501946153228194,-0.012580752996881307
2023-01-20,133.4199981689453,0.0491468120625187,0.04797727392320426
2023-01-23,143.75,0.07742468874848996,0.07457364612008015
2023-01-24,143.88999938964844,0.0009739087975544347,0.0009734348560736818
2023-01-25,144.42999267578125,0.003752820129427681,0.0037457958683397114
2023-01-26,160.27000427246094,0.10967259156647335,0.1040650092615062
2023-01-27,177.89999389648438,0.11000180416824756,0.10436164069972145
2023-01-30,166.66000366210938,-0.06318150994943417,-0.06526572943550507
2023-01-31,173.22000122070312,0.03936155894904236,0.03860663902242871
2023-02-01,181.41000366210938,0.047280928205116535,0.046197213190127824
2023-02-02,188.27000427246094,0.03781489703913388,0.03711744228973266
2023-02-03,189.97999572753906,0.009082654784473565,0.009041655543147504
2023-02-06,194.75999450683594,0.025160537355481072,0.024849222136681733
2023-02-07,196.80999755859375,0.010525791279409002,0.010470780820742525
2023-02-08,201.2899932861328,0.022763049555982517,0.02250783702828191
2023-02-09,207.32000732421875,0.029956849516678652,0.029516907690852447
2023-02-10,196.88999938964844,-0.05030873801899527,-0.05161833459581209
2023-02-13,194.63999938964844,-0.011427700782035255,-0.011493498714308886
2023-02-14,209.25,0.0750616556523096,0.07237801403011461
2023-02-15,214.24000549316406,0.02384709913101113,0.023567198213512965
2023-02-16,202.0399932861328,-0.05694553722096751,-0.058631243213632354
2023-02-17,208.30999755859375,0.031033480898909227,0.030561678706295534
2023-02-20,208.30999755859375,0.0,0.0
2023-02-21,197.3699951171875,-0.05251789433835996,-0.05394722804913025
2023-02-22,200.86000061035156,0.017682553475729224,0.017528035977254008
2023-02-23,202.07000732421875,0.006024129792842503,0.006006057267467943
2023-02-24,196.8800048828125,-0.025684180003413215,-0.02601977738759486
2023-02-27,207.6300048828125,0.0546017865369246,0.05316324215501689
2023-02-28,205.7100067138672,-0.009247209573726933,-0.009290230436857878
2023-03-01,202.77000427246094,-0.014291975817664837,-0.014395089751065829
2023-03-02,190.89999389648438,-0.05853928157947319,-0.060322654091468045
2023-03-03,197.7899932861328,0.03609219282314147,0.03545612908951283
2023-03-06,193.80999755859375,-0.020122331071529054,-0.02032754273314496
2023-03-07,187.7100067138672,-0.03147407730028162,-0.03198003067013721
2023-03-08,182.0,-0.03041929843714275,-0.03089156736881823
2023-03-09,172.9199981689453,-0.04989011995084991,-0.05117763786639216
2023-03-10,173.44000244140625,0.0030071956856769777,0.0030026831172517087
2023-03-13,174.47999572753906,0.005996271168666301,0.005978365078895034
2023-03-14,183.25999450683594,0.050320947926932424,0.04909578215581386
2023-03-15,180.4499969482422,-0.015333393227232373,-0.015452165385496644
2023-03-16,184.1300048828125,0.020393505108375454,0.020188342220549882
2023-03-17,180.1300048828125,-0.02172378153438792,-0.021963216854791676
2023-03-20,183.25,0.017320796272765726,0.01717250122413543
2023-03-21,197.5800018310547,0.07819919143822474,0.07529223411697607
2023-03-22,191.14999389648438,-0.03254381959196684,-0.0330851466718186
2023-03-23,192.22000122070312,0.0055977366381618765,0.0055821275337720674
2023-03-24,190.41000366210938,-0.009416281069083654,-0.009460894526444498
2023-03-27,191.80999755859375,0.007352522816861606,0.007325624786097459
2023-03-28,189.19000244140625,-0.013659325116185062,-0.013753472002494866
2023-03-29,193.8800048828125,0.024789906342217005,0.0244876221590413
2023-03-30,195.27999877929688,0.007220929756684091,0.0071949836717746535
2023-03-31,207.4600067138672,0.06237201971890638,0.060504162532241994
2023-04-03,194.77000427246094,-0.061168427796826186,-0.06311918518816903
2023-04-04,192.5800018310547,-0.011244043709844997,-0.011307735857578558
2023-04-05,185.52000427246094,-0.036660076287605925,-0.03734894534323148
2023-04-06,185.05999755859375,-0.002479553165553039,-0.002482632348555218
2023-04-07,185.05999755859375,0.0,0.0
2023-04-10,184.50999450683594,-0.0029720256079851515,-0.0029764508462149673
2023-04-11,186.7899932861328,0.012357047570192181,0.012281322445656457
2023-04-12,180.5399932861328,-0.03346003653646468,-0.03403263254550459
2023-04-13,185.89999389648438,0.029688716127604264,0.029256539212836878
2023-04-14,185.0,-0.004841279860318459,-0.004853036816821088
2023-04-17,187.0399932861328,0.011026990735853115,0.010966636750077955
2023-04-18,184.30999755859375,-0.014595786064655836,-0.014703352511066695
2023-04-19,180.58999633789062,-0.020183393575926356,-0.020389861131667686
2023-04-20,162.99000549316406,-0.09745828230593856,-0.10254036525166675
2023-04-21,165.0800018310547,0.012822849668400638,0.012741333042302827
2023-04-24,162.5500030517578,-0.015325895028073244,-0.015444550452118741
2023-04-25,160.6699981689453,-0.011565701922588656,-0.011633104865311444
2023-04-26,153.75,-0.04306963495243776,-0.04402465397224694
2023-04-27,160.19000244140625,0.041886194740853755,0.041032719267455574
2023-04-28,164.30999755859375,0.025719427270091355,0.025394246651119615
2023-05-01,161.8300018310547,-0.015093395194377579,-0.015208459761728233
2023-05-02,160.30999755859375,-0.00939259874721976,-0.009436987371174365
2023-05-03,160.61000061035156,0.0018713932775662467,0.001869644402715088
2023-05-04,161.1999969482422,0.003673471985857102,0.0036667412660127767
2023-05-05,170.05999755859375,0.05496278398315546,0.05350549046047228
2023-05-08,171.7899932861328,0.010172855182730478,0.01012145995502574
2023-05-09,169.14999389648438,-0.015367597024416146,-0.015486902413259212
2023-05-10,168.5399932861328,-0.0036062703657255835,-0.003612788634512576
2023-05-11,172.0800018310547,0.021003967520705658,0.020786425091438347
2023-05-12,167.97999572753906,-0.023826162598143963,-0.024114596337054404
2023-05-15,166.35000610351562,-0.009703474612936969,-0.009750860107846383
2023-05-16,166.52000427246094,0.001021930644472091,0.0010214088288270423
2023-05-17,173.86000061035156,0.04407876621166107,0.04313493317739194
2023-05-18,176.88999938964844,0.01742780840135616,0.01727768584344739
2023-05-19,180.13999938964844,0.018373000232992265,0.018206255962432197
2023-05-22,188.8699951171875,0.04846228354123516,0.0473245988875953
2023-05-23,185.77000427246094,-0.01641335799687571,-0.016549549453013485
2023-05-24,182.89999389648438,-0.015449266889003499,-0.015569850375932186
2023-05-25,184.47000122070312,0.008583965973816943,0.008547333224801432
2023-05-26,193.1699981689453,0.047162123329924865,0.04608376548838008
2023-05-29,193.1699981689453,0.0,0.0
2023-05-30,201.16000366210938,0.041362559242642094,0.040530008769500823
2023-05-31,203.92999267578125,0.013770078361723614,0.013676132280176065
2023-06-01,207.52000427246094,0.017604137329555458,0.017450979367424225
2023-06-02,213.97000122070312,0.031081326211682914,0.030608082827557156
2023-06-05,217.61000061035156,0.017011727666879306,0.016868648629117366
2023-06-06,221.30999755859375,0.017002881015874438,0.0168599499197107
2023-06-07,224.57000732421875,0.014730512862447087,0.01462307267215497
2023-06-08,234.86000061035156,0.045820870777622646,0.04480209933086133
2023-06-09,244.39999389648438,0.0406199151040636,0.03981660778824774
2023-06-12,249.8300018310547,0.02221770896144215,0.021974491562613167
2023-06-13,258.7099914550781,0.035544128242966044,0.03492701634188564
2023-06-14,256.7900085449219,-0.007421371317580694,-0.007449046704933148
2023-06-15,255.89999389648438,-0.0034659239799892383,-0.0034719442089692484
2023-06-16,260.5400085449219,0.01813214052015355,0.01796971375181672
2023-06-19,260.5400085449219,0.0,0.0
2023-06-20,274.45001220703125,0.05338912722001776,0.05201270640767318
2023-06-21,259.4599914550781,-0.054618400747766804,-0.05616662426467672
2023-06-22,264.6099853515625,0.019848894111198723,0.019654473293680905
2023-06-23,256.6000061035156,-0.030270888067223778,-0.03073851253541729
2023-06-26,241.0500030517578,-0.060600166336257755,-0.06251408245574486
2023-06-27,250.2100067138672,0.03800042956291749,0.03729619858071868
2023-06-28,256.239990234375,0.0240996896954786,0.023813875097039847
2023-06-29,257.5,0.004917303362650394,0.004905252914132209
2023-06-30,261.7699890136719,0.016582481606492783,0.016446493545468958
2023-07-03,279.82000732421875,0.06895373445427366,0.06668035183063045
2023-07-04,279.82000732421875,0.0,0.0
2023-07-05,282.4800109863281,0.009506123909958086,0.009461225032650612
2023-07-06,276.5400085449219,-0.021028045208104085,-0.02125228365266279
2023-07-07,274.42999267578125,-0.007630056425625198,-0.007659314226953743
2023-07-10,269.6099853515625,-0.01756370459810941,-0.01771977662648564
2023-07-11,269.7900085449219,0.000667717084456676,0.0006674942605875906
2023-07-12,271.989990234375,0.008154422401772665,0.008121354742896705
2023-07-13,277.8999938964844,0.02172875427149612,0.021496049775542363
2023-07-14,281.3800048828125,0.012522529912772917,0.012444771516691934
2023-07-17,290.3800048828125,0.03198521516746822,0.03148434056863512
2023-07-18,293.3399963378906,0.010193509901870401,0.010141906463636843
2023-07-19,291.260009765625,-0.007090702250741598,-0.00711596075110357
2023-07-20,262.8999938964844,-0.09737009860008494,-0.1024426640636013
2023-07-21,260.0199890136719,-0.010954754468143868,-0.011015199637560409
2023-07-24,269.05999755859375,0.03476659075024635,0.03417588510139735
2023-07-25,265.2799987792969,-0.014048906614123058,-0.014148526638195701
2023-07-26,264.3500061035156,-0.0035057022016762307,-0.003511861575139069
2023-07-27,255.7100067138672,-0.032683938680391544,-0.03322998965193553
2023-07-28,266.44000244140625,0.04196157931177735,0.041105070589749985
2023-07-31,267.42999267578125,0.00371562162326855,0.0037087357528333273
2023-08-01,261.07000732421875,-0.023781870118334214,-0.02406922380883306
2023-08-02,254.11000061035156,-0.02665954157355066,-0.027021352113566002
2023-08-03,259.32000732421875,0.020502958173047814,0.020295602012260543
2023-08-04,253.86000061035156,-0.02105509239416581,-0.021279912186420162
2023-08-07,251.4499969482422,-0.009493435973824349,-0.009538785882980292
2023-08-08,249.6999969482422,-0.006959634206558429,-0.00698396541730477
2023-08-09,242.19000244140625,-0.03007606967809695,-0.030537632908455258
2023-08-10,245.33999633789062,0.013006292021680244,0.012922436522360333
2023-08-11,242.64999389648438,-0.01096438608281991,-0.011024937980288016
2023-08-14,239.75999450683594,-0.011910156448968756,-0.011981650600334395
2023-08-15,232.9600067138672,-0.028361644764614224,-0.028771606269163794
2023-08-16,225.60000610351562,-0.03159340830287438,-0.03210324714965498
2023-08-17,219.22000122070312,-0.028280162722535862,-0.02868774932252366
2023-08-18,215.49000549316406,-0.017014851321818125,-0.017161267109647337
2023-08-21,231.27999877929688,0.073274828918382,0.07071456218373605
2023-08-22,233.19000244140625,0.008258403978685713,0.00822448994977978
2023-08-23,236.86000061035156,0.01573823118710882,0.015615669490355368
2023-08-24,230.0399932861328,-0.02879341090367582,-0.02921607421029239
2023-08-25,238.58999633789062,0.037167463490241914,0.036493404628287436
2023-08-28,238.82000732421875,0.0009640428763089126,0.0009635784854130897
2023-08-29,257.17999267578125,0.07687791972402569,0.07406603958973092
2023-08-30,256.8999938964844,-0.0010887269121663268,-0.001089320005828064
2023-08-31,258.0799865722656,0.004593198535678855,0.004582681990043304
2023-09-01,245.00999450683594,-0.05064318329763218,-0.05197055872941742
2023-09-04,245.00999450683594,0.0,0.0
2023-09-05,256.489990234375,0.046855214011356505,0.04579063580383254
2023-09-06,251.9199981689453,-0.017817428513501543,-0.017978069897591802
2023-09-07,251.49000549316406,-0.0017068620153485314,-0.0017083203640211426
2023-09-08,248.5,-0.01188916230408743,-0.01196040362366716
2023-09-11,273.5799865722656,0.10092549928477124,0.09615118904304938
2023-09-12,267.4800109863281,-0.022296863386701782,-0.022549196320499374
2023-09-13,271.29998779296875,0.014281354305895722,0.01418033641106544
2023-09-14,276.0400085449219,0.017471511114000693,0.017320639037477315
2023-09-15,274.3900146484375,-0.005977372284481253,-0.0059953082833390835
2023-09-18,265.2799987792969,-0.033200974462619715,-0.03376463807907184
2023-09-19,266.5,0.004598918977371191,0.004588376260533905
2023-09-20,262.5899963378906,-0.014671683535119606,-0.014780377139554338
2023-09-21,255.6999969482422,-0.026238620989897266,-0.026588996104119158
2023-09-22,244.8800048828125,-0.042315182614647506,-0.043236555785455495
2023-09-25,246.99000549316406,0.008616467528091087,0.008579557642104906
2023-09-26,244.1199951171875,-0.011619945391094011,-0.011687984544270934
2023-09-27,240.5,-0.014828753029631048,-0.014939798128788435
2023-09-28,246.3800048828125,0.02444908475181906,0.0241549898062297
2023-09-29,250.22000122070312,0.015585665483353939,0.015465456415727708
2023-10-02,251.60000610351562,0.005515166158101437,0.005500013317318054
2023-10-03,246.52999877929688,-0.020151062008054166,-0.020356864105244222
2023-10-04,261.1600036621094,0.05934371052307452,0.05764957536105983
2023-10-05,260.04998779296875,-0.00425032873937603,-0.0042593870629195184
2023-10-06,260.5299987792969,0.001845841218459432,0.0018441397469999051
2023-10-09,259.6700134277344,-0.003300907210654902,-0.0033063672235030548
2023-10-10,263.6199951171875,0.015211543440507347,0.015097007960672728
2023-10-11,262.989990234375,-0.002389822071472425,-0.0023926822540326844
2023-10-12,258.8699951171875,-0.015665976919941982,-0.015789985181823882
2023-10-13,251.1199951171875,-0.02993780718577166,-0.030395093236742683
2023-10-16,253.9199981689453,0.01115006015531006,0.011088356477393282
2023-10-17,254.85000610351562,0.0036626021631882555,0.003655911168542864
2023-10-18,242.67999267578125,-0.04775363208267347,-0.04893148784195894
2023-10-19,220.11000061035156,-0.09300310180733784,-0.09761624872658338
2023-10-20,211.99000549316406,-0.036890623300491754,-0.037588294506417
2023-10-23,212.0800018310547,0.0004245310418349302,0.00042444095402800134
2023-10-24,216.52000427246094,0.02093550737020089,0.020719371046622376
2023-10-25,212.4199981689453,-0.018935922882932887,-0.01911750338776431
2023-10-26,205.75999450683594,-0.031352997455599385,-0.031855023921114375
2023-10-27,207.3000030517578,0.00748448962886572,0.007456619810883741
2023-10-30,197.36000061035156,-0.04794984223383958,-0.0491375588495086
2023-10-31,200.83999633789062,0.017632730628176496,0.017479077618859314
2023-11-01,205.66000366210938,0.023999240251476817,0.02371578467512363
2023-11-02,218.50999450683594,0.06248172039245192,0.06060741733192271
2023-11-03,219.9600067138672,0.006635907937775798,0.0066139872231546415
2023-11-06,219.27000427246094,-0.0031369449915676917,-0.0031418755173999516
2023-11-07,222.17999267578125,0.013271256198382764,0.013183964542986627
2023-11-08,222.11000061035156,-0.00031502415940676265,-0.0003150737899407528
2023-11-09,209.97999572753906,-0.054612601186257326,-0.056160489658582134
2023-11-10,214.64999389648438,0.022240205086035525,0.021996498496030296
2023-11-13,223.7100067138672,0.04220830689495392,0.04134183399945281
2023-11-14,237.41000366210938,0.06123998273248876,0.059438019477541446
2023-11-15,242.83999633789062,0.022871793909364557,0.022614155469065075
2023-11-16,233.58999633789062,-0.038090924639652135,-0.03883534904080814
2023-11-17,234.3000030517578,0.0030395424675642158,0.0030349323976646067
2023-11-20,235.60000610351562,0.005548455120893081,0.005533119144943252
2023-11-21,241.1999969482422,0.023769060694616817,0.023490974516940124
2023-11-22,234.2100067138672,-0.028980059381488954,-0.029408274734311717
2023-11-23,234.2100067138672,0.0,0.0
2023-11-24,235.4499969482422,0.00529435207219775,0.005280386261856706
2023-11-27,236.0800018310547,0.0026757481035388775,0.0026721746625813217
2023-11-28,246.72000122070312,0.04506946504203557,0.04408335693193017
2023-11-29,244.13999938964844,-0.010457205813430348,-0.010512266581044115
2023-11-30,240.0800018310547,-0.016629792613843564,-0.01676961998268328
2023-12-01,238.8300018310547,-0.005206597761023168,-0.005220199323597404
2023-12-04,235.5800018310547,-0.01360800559009756,-0.01370144313218934
2023-12-05,238.72000122070312,0.013328802806870987,0.013240755825754019
2023-12-06,239.3699951171875,0.002722829646282676,0.002719129460769398
2023-12-07,242.63999938964844,0.01366087788429815,0.013568409275163597
2023-12-08,243.83999633789062,0.0049455858525417895,0.004933396614923965
2023-12-11,239.74000549316406,-0.01681426716823431,-0.016957231787828677
2023-12-12,237.00999450683594,-0.011387381846063915,-0.011452714531076777
2023-12-13,239.2899932861328,0.009619842336358264,0.009573866272891631
2023-12-14,251.0500030517578,0.04914543063053567,0.04797595720291628
2023-12-15,253.5,0.009758999874367902,0.009711688394547188
2023-12-18,252.0800018310547,-0.005601570686174839,-0.0056173183184346845
2023-12-19,257.2200012207031,0.0203903496997484,0.020185249870892544
2023-12-20,247.13999938964844,-0.03918825045959673,-0.0399767793773106
2023-12-21,254.5,0.029780693649462897,0.029345860784192233
2023-12-22,252.5399932861328,-0.007701401626197146,-0.007731210565404946
2023-12-25,252.5399932861328,0.0,0.0
2023-12-26,256.6099853515625,0.01611622781987765,0.01598774007390915
2023-12-27,261.44000244140625,0.018822405072142834,0.018647455510860632
2023-12-28,253.17999267578125,-0.03159428430420175,-0.032104151730159784
2023-12-29,248.47999572753906,-0.018563856087399966,-0.018738327073791184
2024-01-01,248.47999572753906,0.0,0.0
2024-01-02,248.4199981689453,-0.0002414583049958896,-0.00024148746074577508
2024-01-03,238.4499969482422,-0.04013364984377277,-0.04096122279932548
2024-01-04,237.92999267578125,-0.0021807686270334248,-0.0021831499656647054
2024-01-05,237.49000549316406,-0.001849229589212631,-0.0018509415250833076
2024-01-08,240.4499969482422,0.012463646412957496,0.012386614576639277
2024-01-09,234.9600067138672,-0.02283214932024613,-0.023096839566935645
2024-01-10,233.94000244140625,-0.004341182513256769,-0.004350632806278706
2024-01-11,227.22000122070312,-0.028725319101363445,-0.029145966144498332
2024-01-12,218.88999938964844,-0.036660513098772496,-0.03734939877742937
2024-01-15,218.88999938964844,0.0,0.0
2024-01-16,219.91000366210938,0.004659894354722027,0.004649070658851297
2024-01-17,215.5500030517578,-0.019826295019533036,-0.020025473044372827
2024-01-18,211.8800048828125,-0.017026203279914,-0.017172815629643214
2024-01-19,212.19000244140625,0.0014630807600990448,0.0014620115002590317
2024-01-22,208.8000030517578,-0.015976244642273096,-0.016105240597581734
2024-01-23,209.13999938964844,0.0016283349277841364,0.0016270106278732431
2024-01-24,207.8300018310547,-0.006263735117226887,-0.006283434610725192
2024-01-25,182.6300048828125,-0.12125293136804816,-0.12925817170128795
2024-01-26,183.25,0.0033948152034783963,0.003389065826718794
2024-01-29,190.92999267578125,0.04190991910385411,0.04105548959785763
2024-01-30,191.58999633789062,0.0034567835721344142,0.0034508226289791306
2024-01-31,187.2899932861328,-0.02244377647032403,-0.022699471099276523
2024-02-01,188.86000061035156,0.008382761388752824,0.008347821172369478
2024-02-02,187.91000366210938,-0.0050301649114266045,-0.005042858776994556
2024-02-05,181.05999755859375,-0.03645365318513305,-0.03713468972636411
2024-02-06,185.10000610351562,0.0223130928940527,0.02206779799027196
2024-02-07,187.5800018310547,0.01339813963135228,0.013309178288648728
2024-02-08,189.55999755859375,0.010555473441792307,0.010500153377802503
2024-02-09,193.57000732421875,0.021154303741671487,0.02093365777497024
2024-02-12,188.1300048828125,-0.028103539988478476,-0.02850600281752684
2024-02-13,184.02000427246094,-0.021846598116614713,-0.022088768605910858
2024-02-14,188.7100067138672,0.025486372853585015,0.02516701014711292
2024-02-15,200.4499969482422,0.06221180550417671,0.06035334314528131
2024-02-16,199.9499969482422,-0.0024943876658132247,-0.0024975038337594173
2024-02-19,199.9499969482422,0.0,0.0
2024-02-20,193.75999450683594,-0.030957752117438453,-0.031447068575792124
2024-02-21,194.77000427246094,0.00521268473502845,0.005199145723306879
2024-02-22,197.41000366210938,0.013554445406056326,0.013463405650618309
2024-02-23,191.97000122070312,-0.027556873210526134,-0.027943686650054866
2024-02-26,199.39999389648438,0.03870392576202142,0.03797371074003026
2024-02-27,199.72999572753906,0.0016549741281637331,0.001653606167566249
2024-02-28,202.0399932861328,0.01156560160219966,0.011499231283567918
2024-02-29,201.8800048828125,-0.0007918650199801869,-0.0007921787106965236
2024-03-01,202.63999938964844,0.003764585340074067,0.0037575170226514664
2024-03-04,188.13999938964844,-0.07155546804023882,-0.07424463938175002
2024-03-05,180.74000549316406,-0.03933237971984138,-0.04012679843323044
2024-03-06,176.5399932861328,-0.02323786698783792,-0.023512123304642613
2024-03-07,178.64999389648438,0.011951969472048907,0.01188110874296599
2024-03-08,175.33999633789062,-0.018527834714126334,-0.018701625030085045
2024-03-11,177.77000427246094,0.013858834181150304,0.013763678693560029
2024-03-12,177.5399932861328,-0.0012938683737420131,-0.0012947061441473569
2024-03-13,169.47999572753906,-0.04539820808488959,-0.04646099727496628
2024-03-14,162.5,-0.04118477639544138,-0.042056898779332184
2024-03-15,163.57000732421875,0.006584660456730784,0.006563076277915342
2024-03-18,173.8000030517578,0.06254200201423088,0.060664152342604714
2024-03-19,171.32000732421875,-0.014269250195585559,-0.014372034891457558
2024-03-20,175.66000366210938,0.025332688257929448,0.025017133837829976
2024-03-21,172.82000732421875,-0.016167575308454918,-0.016299696542812377
2024-03-22,170.8300018310547,-0.01151490226146512,-0.01158171211632812
2024-03-25,172.6300048828125,0.010536808713131895,0.010481683435756076
2024-03-26,177.6699981689453,0.029195349264770964,0.0287772826285837
2024-03-27,179.8300018310547,0.012157391142962881,0.012084083617363902
2024-03-28,175.7899932861328,-0.022465709302040393,-0.02272190773999231
2024-03-29,175.7899932861328,0.0,0.0
2024-04-01,175.22000122070312,-0.003242460249155976,-0.0032477284143495326
2024-04-02,166.6300048828125,-0.049024062767074494,-0.05026651935105258
2024-04-03,168.3800048828125,0.01050231020055925,0.010447544054431742
2024-04-04,171.11000061035156,0.016213301154368365,0.016083269202606634
2024-04-05,164.89999389648438,-0.036292482565110196,-0.03696743555877544
2024-04-08,172.97999572753906,0.04899940648952894,0.04783676362708771
2024-04-09,176.8800048828125,0.02254601255405486,0.022295607975213145
2024-04-10,171.75999450683594,-0.028946236061948905,-0.02937344256551801
2024-04-11,174.60000610351562,0.01653476762638495,0.016399556773736196
2024-04-12,171.0500030517578,-0.020332204625772565,-0.020541749097701737
2024-04-15,161.47999572753906,-0.05594859487563397,-0.05757465973833702
2024-04-16,157.11000061035156,-0.027062145360474688,-0.02743506868222295
2024-04-17,155.4499969482422,-0.010565868854054306,-0.01062208397137564
2024-04-18,149.92999267578125,-0.03550983840996058,-0.036155647217109545
2024-04-19,147.0500030517578,-0.0192088959161848,-0.01939578390268632
2024-04-22,142.0500030517578,-0.03400203941675628,-0.0345935559693179
2024-04-23,144.67999267578125,0.018514534090260826,0.018345226676437152
2024-04-24,162.1300048828125,0.12061109407252757,0.11387415621830609
2024-04-25,170.17999267578125,0.04965143743002587,0.04845814470471284
2024-04-26,168.2899932861328,-0.011105884774887609,-0.011168015552988686
2024-04-29,194.0500030517578,0.1530691710339953,0.14242723171122051
2024-04-30,183.27999877929688,-0.05550118063944742,-0.05710084205665045
2024-05-01,179.99000549316406,-0.017950640048260635,-0.018113707174260838
2024-05-02,180.00999450683594,0.0001110562423569661,0.00011105007606901516
2024-05-03,181.19000244140625,0.006555235656792835,0.006533843535574036
2024-05-06,184.75999450683594,0.019703030064167848,0.019511437908750914
2024-05-07,177.80999755859375,-0.03761635178001177,-0.03834210509362018
2024-05-08,174.72000122070312,-0.017378079862311324,-0.017530851194269642
2024-05-09,171.97000122070312,-0.01573946875450305,-0.015864649448707812
2024-05-10,168.47000122070312,-0.02035238689978358,-0.020562350450525728
2024-05-13,171.88999938964844,0.020300339194899042,0.020097034145307512
2024-05-14,177.5500030517578,0.03292805679333921,0.03239754278801776
2024-05-15,173.99000549316406,-0.02005067585133169,-0.020254418706909572
2024-05-16,174.83999633789062,0.004885285464054867,0.004873391179277019
2024-05-17,177.4600067138672,0.014985188920464187,0.01487402019069651
2024-05-20,174.9499969482422,-0.014144086952910362,-0.014245067870223688
2024-05-21,186.60000610351562,0.06659050790792542,0.06446711975223302
2024-05-22,180.11000061035156,-0.03478030697150003,-0.035399542384592614
2024-05-23,173.74000549316406,-0.03536724832380789,-0.036007818288810785
2024-05-24,179.24000549316406,0.03165649721483632,0.03116576011599187
2024-05-27,179.24000549316406,0.0,0.0
2024-05-28,176.75,-0.01389201861667555,-0.013989415788236143
2024-05-29,176.19000244140625,-0.0031683030189180172,-0.0031733327174769638
2024-05-30,178.7899932861328,0.014756744473008343,0.014648923152829736
2024-05-31,178.0800018310547,-0.003971091681523098,-0.003978997402597566
2024-06-03,176.2899932861328,-0.0100517100545634,-0.010102569596006488
2024-06-04,174.77000427246094,-0.008622094682395387,-0.008659479988969872
2024-06-05,175.0,0.0013159908560766986,0.0013151256990527008
2024-06-06,177.94000244140625,0.01680001395089281,0.016660454613497404
2024-06-07,177.47999572753906,-0.0025851787543875737,-0.0025885260992180074
2024-06-10,173.7899932861328,-0.020791089307163446,-0.02101026729322036
2024-06-11,170.66000366210938,-0.018010183238054034,-0.01817434057762428
2024-06-12,177.2899932861328,0.03884911216309472,0.03811347747393242
2024-06-13,182.47000122070312,0.029217711832219218,0.028799010597446485
2024-06-14,178.00999450683594,-0.024442410719736185,-0.024746085007725318
2024-06-17,187.44000244140625,0.052974598199923895,0.051619109593938894
2024-06-18,184.86000061035156,-0.013764414198944475,-0.013860022086213656
2024-06-19,184.86000061035156,0.0,0.0
2024-06-20,181.57000732421875,-0.017797215597047833,-0.017957490517488177
2024-06-21,183.00999450683594,0.00793075466503601,0.007899471520701
2024-06-24,182.5800018310547,-0.0023495584322592578,-0.002352322975825913
2024-06-25,187.35000610351562,0.026125557150967316,0.025790114652126835
2024-06-26,196.3699951171875,0.04814512260377568,0.047022052078927956
2024-06-27,197.4199981689453,0.0053470646120412635,0.005332819818052439
2024-06-28,197.8800048828125,0.002330091774560339,0.0023273813203096337
2024-07-01,209.86000061035156,0.060541719385108106,0.05877983360300819
2024-07-02,231.25999450683594,0.10197271435359379,0.09710195030947986
2024-07-03,246.38999938964844,0.06542422054051067,0.06337304899541438
2024-07-04,246.38999938964844,0.0,0.0
2024-07-05,251.52000427246094,0.02082067005771515,0.02060688228437311
2024-07-08,252.94000244140625,0.005645666924397386,0.005629789876539415
2024-07-09,262.3299865722656,0.03712336538398886,0.0364508858978897
2024-07-10,263.260009765625,0.003545241645880992,0.0035389720904070512
2024-07-11,241.02999877929688,-0.08444127539962887,-0.08822077208547265
2024-07-12,248.22999572753906,0.029871787680814776,0.029434316513726216
2024-07-15,252.63999938964844,0.01776579679334911,0.017609829570940913
2024-07-16,256.55999755859375,0.015516142251486675,0.015396997777534727
2024-07-17,248.5,-0.031415644041518975,-0.031919700332288976
2024-07-18,249.22999572753906,0.002937608561525362,0.002933302220995548
2024-07-19,239.1999969482422,-0.040243947162209914,-0.04107613843938729
2024-07-22,251.50999450683594,0.05146320115237035,0.05018271902171053
2024-07-23,246.3800048828125,-0.020396762498772203,-0.02060764898795659
2024-07-24,215.99000549316406,-0.12334604589403697,-0.13164294360339135
2024-07-25,220.25,0.01972310939623889,0.01953112906763447
2024-07-26,219.8000030517578,-0.0020431189477511102,-0.0020452089625195087
2024-07-29,232.10000610351562,0.055959976710561854,0.054450283723543685
2024-07-30,222.6199951171875,-0.04084450985365373,-0.04170207944562914
2024-07-31,232.07000732421875,0.04244907202543402,0.04157282172336867
2024-08-01,216.86000061035156,-0.06554059651757449,-0.06778709499652093
2024-08-02,207.6699981689453,-0.042377581921705376,-0.043301714320780345
2024-08-05,198.8800048828125,-0.04232673647438423,-0.04324862022379944
2024-08-06,200.63999938964844,0.008849529684359148,0.008810602088580683
2024-08-07,191.75999450683594,-0.044258397676563366,-0.04526769292244102
2024-08-08,198.83999633789062,0.036921162045623124,0.036255901329012616
2024-08-09,200.0,0.005833854775063374,0.00581690373893266
2024-08-12,197.49000549316406,-0.012549972534179665,-0.012629388585244743
2024-08-13,207.8300018310547,0.05235706137163754,0.05103246867853809
2024-08-14,201.3800048828125,-0.0310349655555765,-0.03152675190710158
2024-08-15,214.13999938964844,0.06336276788880446,0.061436309145650216
2024-08-16,216.1199951171875,0.009246267550119258,0.00920378250292453
2024-08-19,222.72000122070312,0.030538618603692225,0.0300815962441386
2024-08-20,221.10000610351562,-0.007273684933137958,-0.007300267158314731
2024-08-21,223.27000427246094,0.009814554993405888,0.00976670507756732
2024-08-22,210.66000366210938,-0.056478704568676985,-0.05813634375381778
2024-08-23,220.32000732421875,0.04585589810206048,0.044835591431516886
2024-08-26,213.2100067138672,-0.0322712435275504,-0.032803441227522996
2024-08-27,209.2100067138672,-0.018760845523390857,-0.018939062709292416
2024-08-28,205.75,-0.01653843794670573,-0.01667672472989858
2024-08-29,206.27999877929688,0.002575935743848623,0.0025726237078790366
2024-08-30,214.11000061035156,0.03795812428442069,0.03725544123667223
2024-09-02,214.11000061035156,0.0,0.0
2024-09-03,210.60000610351562,-0.016393416920415627,-0.016529275820300126
2024-09-04,219.41000366210938,0.04183284569452206,0.040981513663141275
2024-09-05,230.1699981689453,0.04904058305110959,0.047876016035803666
2024-09-06,210.72999572753906,-0.0844593239607937,-0.08824048544582774
2024-09-09,216.27000427246094,0.026289605928169646,0.025949973905266994
2024-09-10,226.1699981689453,0.04577608406578748,0.044759273955983725
2024-09-11,228.1300048828125,0.008666077418469476,0.008628742512625562
2024-09-12,229.80999755859375,0.007364189890953776,0.007337206636805016
2024-09-13,230.2899932861328,0.0020886633855721204,0.0020864851607279924
2024-09-16,226.77999877929688,-0.015241628421408637,-0.0153589759450266
2024-09-17,227.8699951171875,0.004806404196833203,0.004794890315022082
2024-09-18,227.1999969482422,-0.0029402649901351108,-0.0029445960609886415
2024-09-19,243.9199981689453,0.07359155565707187,0.07100962175825201
2024-09-20,238.25,-0.02324531900421767,-0.023519752638904136
2024-09-23,250.0,0.04931794333683115,0.048140375327935025
2024-09-24,254.27000427246094,0.017080017089843746,0.016935793509053217
2024-09-25,257.0199890136719,0.010815214909361437,0.010757148762662457
2024-09-26,254.22000122070312,-0.01089404681602335,-0.010953821465680538
2024-09-27,260.4599914550781,0.024545630573566513,0.024249227064234113
2024-09-30,261.6300048828125,0.004492104223754234,0.004482044837533062
2024-10-01,258.0199890136719,-0.013798172234708361,-0.013894251852425751
2024-10-02,249.02000427246094,-0.03488095932262847,-0.03550382703625727
2024-10-03,240.66000366210938,-0.03357160254966751,-0.03414806745440706
2024-10-04,250.0800018310547,0.03914235030998814,0.03839570976808335
2024-10-07,240.8300018310547,-0.03698816351676526,-0.03768957599969925
2024-10-08,244.5,0.015238957526229946,0.015124010919583781
2024-10-09,241.0500030517578,-0.014110416966225725,-0.014210915403026646
2024-10-10,238.77000427246094,-0.009458613360014412,-0.009503630132407154
2024-10-11,217.8000030517578,-0.08782510719719305,-0.09192353886888906
2024-10-14,219.16000366210938,0.00624426350457119,0.006224848869363662
2024-10-15,219.57000732421875,0.0018707960177875016,0.0018690482583788197
2024-10-16,221.3300018310547,0.008015641700267029,0.007983687088569507
2024-10-17,220.88999938964844,-0.001987992760882462,-0.0019899714413276278
2024-10-18,220.6999969482422,-0.0008601676940163117,-0.0008605378505268966
2024-10-21,218.85000610351562,-0.008382378207102636,-0.008417707909120813
2024-10-22,217.97000122070312,-0.004021041161846095,-0.004029147285192923
2024-10-23,213.64999389648438,-0.019819274670942355,-0.020018310718538105
2024-10-24,260.4800109863281,0.21919035070290427,0.19818699146920774
2024-10-25,269.19000244140625,0.03343823359841336,0.032891334056112616
2024-10-28,262.510009765625,-0.024815158866218545,-0.02512824530239814
2024-10-29,259.5199890136719,-0.01139012091242797,-0.01145548515134625
2024-10-30,257.54998779296875,-0.007590942139718337,-0.007619899978935549
2024-10-31,249.85000610351562,-0.029897037679701755,-0.03035306639591626
2024-11-01,248.97999572753906,-0.003482130697311625,-0.0034882074251496174
2024-11-04,242.83999633789062,-0.024660613282231236,-0.02496977961188894
2024-11-05,251.44000244140625,0.03541429020427711,0.03480162701711456
2024-11-06,288.5299987792969,0.14751032444224466,0.13759466024737685
2024-11-07,296.9100036621094,0.02904379065700735,0.028630012464395397
2024-11-08,321.2200012207031,0.08187665372925301,0.07869717552417867
2024-11-11,350.0,0.08959591143118995,0.08580690404849912
2024-11-12,328.489990234375,-0.06145717075892854,-0.06342678815128278
2024-11-13,330.239990234375,0.005327407385385952,0.005313266949669512
2024-11-14,311.17999267578125,-0.05771559508909463,-0.059448133931949705
2024-11-15,320.7200012207031,0.030657525449785616,0.030196972790488486
2024-11-18,338.739990234375,0.056186046847983784,0.054664350493325395
2024-11-19,346.0,0.021432396454288627,0.02120595242401374
2024-11-20,342.0299987792969,-0.011473991967350106,-0.01154032611298051
2024-11-21,339.6400146484375,-0.006987644766217049,-0.007012172684276001
2024-11-22,352.55999755859375,0.038040225983177356,0.0373345373484672
2024-11-25,338.5899963378906,-0.039624464821427674,-0.040430888534493496
2024-11-26,338.2300109863281,-0.001063189566898104,-0.001063755153845317
2024-11-27,332.8900146484375,-0.015788061864523528,-0.015914020837727676
2024-11-28,332.8900146484375,0.0,0.0
2024-11-29,345.1600036621094,0.03685898787510977,0.03619593916712737
2024-12-02,357.0899963378906,0.034563659025395044,0.03397975234247804
2024-12-03,351.4200134277344,-0.01587830229999254,-0.016005713052796626
2024-12-04,357.92999267578125,0.018524782309774723,0.018355288553428408
2024-12-05,369.489990234375,0.03229681165351517,0.03178623389945424
2024-12-06,389.2200012207031,0.053397958017247005,0.05202108959673976
2024-12-09,389.7900085449219,0.0014644862094215227,0.0014634148953150045
2024-12-10,400.989990234375,0.02873337295448497,0.028328310501358537
2024-12-11,424.7699890136719,0.05930322291934931,0.0576113551148347
2024-12-12,418.1000061035156,-0.015702575706076027,-0.01582716714006912
2024-12-13,436.2300109863281,0.04336284290396253,0.04244899941747966
2024-12-16,463.0199890136719,0.06141250567967771,0.05960057359180242
2024-12-17,479.8599853515625,0.036369912179738284,0.035724138195772255
2024-12-18,440.1300048828125,-0.0827949436951747,-0.08642421525210743
2024-12-19,436.1700134277344,-0.008997322180141931,-0.009038042516689774
2024-12-20,421.05999755859375,-0.034642491239586515,-0.0352567708528249
2024-12-23,430.6000061035156,0.022657123925894362,0.02240426356053564
2024-12-24,462.2799987792969,0.07357174228224572,0.07099116636191981
2024-12-25,462.2799987792969,0.0,0.0
2024-12-26,454.1300048828125,-0.017629994630971146,-0.017787254049436575
2024-12-27,431.6600036621094,-0.04947922616674816,-0.05074526160258332
2024-12-30,417.4100036621094,-0.03301209257078741,-0.03356928885086787
2024-12-31,403.8399963378906,-0.03251001941775111,-0.03305021011916344
2025-01-01,403.8399963378906,0.0,0.0
2025-01-02,379.2799987792969,-0.06081615932376483,-0.06274403546918701
2025-01-03,410.44000244140625,0.08215567328200035,0.07895504556688626
2025-01-06,411.04998779296875,0.0014861742226248698,0.0014850709586745647
2025-01-07,394.3599853515625,-0.040603340073111505,-0.04145067133894483
2025-01-08,394.94000244140625,0.0014707807875757872,0.0014697002488738569
2025-01-09,394.94000244140625,0.0,0.0
2025-01-10,394.739990234375,-0.0005064369418008585,-0.0005065652243020289
2025-01-13,403.30999755859375,0.021710512074366584,0.021478195369560783
2025-01-14,396.3599853515625,-0.017232432245921525,-0.017382638722844804
2025-01-15,428.2200012207031,0.08038151439752794,0.07731423282838396
2025-01-16,413.82000732421875,-0.03362756026209679,-0.03420597069137618
2025-01-17,426.5,0.030641323404759335,0.03018125256143425
2025-01-20,426.5,0.0,0.0
2025-01-21,424.07000732421875,-0.00569752092797482,-0.005713813715474868
2025-01-22,415.1099853515625,-0.021128638710367298,-0.021355043154943146
2025-01-23,412.3800048828125,-0.006576523247056931,-0.006598243859181292
2025-01-24,406.5799865722656,-0.014064741844588391,-0.014164587635274254
2025-01-27,397.1499938964844,-0.023193450212053546,-0.023466650856007368
2025-01-28,398.0899963378906,0.0023668700890153715,0.0023640734639690623
2025-01-29,389.1000061035156,-0.02258280870425211,-0.02284170549807513
2025-01-30,400.2799987792969,0.028732954254456988,0.028327903495885404
2025-01-31,404.6000061035156,0.010792463618949588,0.010734640646320742
2025-02-03,383.67999267578125,-0.05170542044525339,-0.053090087069197885
2025-02-04,392.2099914550781,0.022232065633156273,0.02198853609615247
2025-02-05,378.1700134277344,-0.035797094243459227,-0.03645352337012321
2025-02-06,374.32000732421875,-0.010180622383618276,-0.01023279935109268
2025-02-07,361.6199951171875,-0.0339282217314959,-0.03451714290429038
2025-02-10,350.7300109863281,-0.030114441341470455,-0.03057719520938892
2025-02-11,328.5,-0.06338211812502892,-0.06547989008634725
2025-02-12,336.510009765625,0.0243835913717656,0.024091057420887543
2025-02-13,355.94000244140625,0.05773971683431944,0.05613428883532556
2025-02-14,355.8399963378906,-0.0002809633725618932,-0.00028100285016493403
2025-02-17,355.8399963378906,0.0,0.0
2025-02-18,354.1099853515625,-0.004861766535893763,-0.004873623368530301
2025-02-19,360.55999755859375,0.018214714280444966,0.018050813649058695
2025-02-20,354.3999938964844,-0.01708454543992588,-0.01723217010242546
2025-02-21,337.79998779296875,-0.046839747148427646,-0.04797223327197698
2025-02-24,330.5299987792969,-0.021521578674915554,-0.021756545199510743
2025-02-25,302.79998779296875,-0.0838955952220366,-0.08762494178787733
2025-02-26,290.79998779296875,-0.039630120487999076,-0.04043677756749929
2025-02-27,281.95001220703125,-0.030433204805490277,-0.030905910133740465
2025-02-28,292.9800109863281,0.03912040539724382,0.03837459125197188
2025-03-03,284.6499938964844,-0.02843203214376444,-0.028844050845269347
2025-03-04,272.0400085449219,-0.04429996705409467,-0.045311188236941684
2025-03-05,279.1000061035156,0.025952056083059283,0.025621016692865903
2025-03-06,263.45001220703125,-0.056073068986891905,-0.05770651942025788
2025-03-07,262.6700134277344,-0.0029607088371812473,-0.0029651004058366417
2025-03-10,222.14999389648438,-0.1542620682219512,-0.16754574067757613
2025-03-11,230.5800018310547,0.037947369642955975,0.037245079838722016
2025-03-12,248.08999633789062,0.0759389121683911,0.07319368705023706
2025-03-13,240.67999267578125,-0.02986820819658198,-0.030323348875332088
2025-03-14,249.97999572753906,0.038640532386444715,0.037912677650069934
2025-03-17,238.00999450683594,-0.04788383640805238,-0.04906823105490024
2025-03-18,225.30999755859375,-0.05335909096824687,-0.05483544563443516
2025-03-19,235.86000061035156,0.046824389357219776,0.045761190368065426
2025-03-20,236.25999450683594,0.0016958954271570903,0.0016944590202751025
2025-03-21,248.7100067138672,0.05269623506518384,0.0513547158131408
2025-03-24,278.3900146484375,0.11933580126800525,0.11273547481030481
2025-03-25,288.1400146484375,0.03502280788451673,0.034423463077927825
2025-03-26,272.05999755859375,-0.05580626179068926,-0.05742390273973778
2025-03-27,273.1300048828125,0.0039329829222258805,0.003925268964187628
2025-03-28,263.54998779296875,-0.03507493471452938,-0.035704833212183235
2025-03-31,259.1600036621094,-0.016657121359109794,-0.016797411271064034
2025-04-01,268.4599914550781,0.035885119854736525,0.03525624951763979
